type,date,Dairy,Fruits,Vegetables,Protein,Grain,Grand Total
Austria,1961,325,177,41,340,979,3191
Austria,1962,319,156,37,362,966,3193
Austria,1963,320,166,46,359,961,3248
Austria,1964,324,164,44,370,956,3270
Austria,1965,324,133,46,363,941,3220
Austria,1966,313,153,44,358,937,3232
Austria,1967,322,146,42,366,907,3194
Austria,1968,327,148,44,370,894,3221
Austria,1969,318,147,42,376,885,3153
Austria,1970,312,147,41,383,887,3217
Austria,1971,318,140,44,393,862,3230
Austria,1972,325,127,45,404,835,3207
Austria,1973,318,154,47,411,810,3294
Austria,1974,317,134,48,411,764,3201
Austria,1975,318,144,52,417,773,3142
Austria,1976,326,148,43,442,751,3243
Austria,1977,312,140,50,444,741,3192
Austria,1978,325,141,49,455,718,3213
Austria,1979,326,157,54,469,715,3283
Austria,1980,326,151,54,469,700,3355
Austria,1981,330,123,57,495,708,3348
Austria,1982,332,161,58,480,687,3400
Austria,1983,348,151,36,482,693,3360
Austria,1984,329,151,44,487,700,3361
Austria,1985,361,141,44,475,701,3374
Austria,1986,360,159,45,485,697,3429
Austria,1987,352,151,47,493,700,3420
Austria,1988,311,169,45,521,690,3422
Austria,1989,324,180,46,514,709,3478
Austria,1990,331,167,47,516,724,3510
Austria,1991,335,166,48,521,740,3556
Austria,1992,340,175,46,534,725,3546
Austria,1993,338,192,47,523,713,3508
Austria,1994,357,166,48,565,725,3557
Austria,1995,356,135,55,472,786,3510
Austria,1996,342,124,56,494,830,3551
Austria,1997,376,146,53,487,738,3494
Austria,1998,359,116,49,485,910,3608
Austria,1999,364,143,65,476,902,3673
Austria,2000,360,158,54,490,938,3726
Austria,2001,363,161,62,475,933,3728
Austria,2002,360,149,61,472,922,3652
Austria,2003,265,173,62,464,936,3609
Austria,2004,236,175,70,479,886,3606
Austria,2005,245,170,64,478,943,3640
Austria,2006,238,178,65,466,930,3719
Austria,2007,250,189,66,482,940,3737
Austria,2008,258,200,74,462,910,3717
Austria,2009,251,168,72,473,894,3723
Austria,2010,250,170,77,474,871,3724
Austria,2011,252,194,79,470,882,3735
Austria,2012,265,190,73,452,893,3739
Austria,2013,269,186,75,473,886,3768
Bahamas,1961,134,98,96,366,895,2447
Bahamas,1962,145,98,88,349,876,2389
Bahamas,1963,132,102,88,353,853,2378
Bahamas,1964,150,101,87,371,811,2428
Bahamas,1965,137,105,85,380,799,2447
Bahamas,1966,147,112,100,433,799,2557
Bahamas,1967,160,110,97,416,787,2497
Bahamas,1968,168,118,98,457,722,2551
Bahamas,1969,164,120,105,480,705,2592
Bahamas,1970,187,124,101,501,718,2615
Bahamas,1971,179,132,102,497,671,2594
Bahamas,1972,175,125,100,487,646,2517
Bahamas,1973,175,120,97,458,635,2456
Bahamas,1974,161,119,92,449,635,2398
Bahamas,1975,148,113,93,447,636,2341
Bahamas,1976,145,119,89,446,666,2360
Bahamas,1977,132,113,81,388,625,2216
Bahamas,1978,118,115,86,390,611,2177
Bahamas,1979,126,113,87,433,625,2264
Bahamas,1980,150,135,88,522,686,2627
Bahamas,1981,135,130,65,497,672,2499
Bahamas,1982,177,148,93,517,748,2749
Bahamas,1983,175,140,93,513,754,2686
Bahamas,1984,178,140,98,529,686,2655
Bahamas,1985,181,137,97,525,735,2702
Bahamas,1986,182,152,108,559,724,2741
Bahamas,1987,191,175,94,548,723,2737
Bahamas,1988,194,159,111,563,762,2788
Bahamas,1989,193,151,106,527,746,2777
Bahamas,1990,184,136,103,533,765,2714
Bahamas,1991,188,123,100,534,697,2607
Bahamas,1992,172,124,102,484,672,2503
Bahamas,1993,166,119,102,477,627,2420
Bahamas,1994,170,105,94,493,660,2421
Bahamas,1995,161,116,90,456,730,2535
Bahamas,1996,162,110,91,449,699,2536
Bahamas,1997,165,133,94,508,738,2651
Bahamas,1998,166,150,92,520,710,2601
Bahamas,1999,170,185,79,558,712,2703
Bahamas,2000,178,200,97,569,724,2779
Bahamas,2001,177,181,95,567,739,2765
Bahamas,2002,168,168,78,588,747,2725
Bahamas,2003,163,137,79,544,760,2686
Bahamas,2004,158,186,67,538,710,2662
Bahamas,2005,158,178,82,551,628,2648
Bahamas,2006,164,159,84,558,642,2627
Bahamas,2007,163,149,85,553,639,2605
Bahamas,2008,154,171,79,560,605,2585
Bahamas,2009,179,166,72,578,596,2619
Bahamas,2010,153,188,71,570,598,2598
Bahamas,2011,143,194,65,554,596,2568
Bahamas,2012,183,220,83,590,583,2671
Bahamas,2013,186,215,84,543,655,2670
China,1961,6,6,61,44,814,1439
China,1962,6,6,54,52,897,1547
China,1963,6,6,47,74,991,1614
China,1964,6,6,42,89,1070,1685
China,1965,6,6,44,98,1140,1813
China,1966,6,6,42,103,1179,1880
China,1967,6,7,42,106,1154,1833
China,1968,5,7,42,103,1128,1776
China,1969,5,7,43,98,1095,1751
China,1970,5,7,33,96,1194,1859
China,1971,5,6,36,105,1210,1863
China,1972,5,7,32,113,1208,1848
China,1973,5,8,35,110,1227,1917
China,1974,6,8,35,110,1244,1913
China,1975,6,8,35,112,1268,1929
China,1976,6,8,35,108,1272,1896
China,1977,6,8,36,109,1280,1934
China,1978,7,8,39,115,1388,2080
China,1979,6,9,39,134,1414,2095
China,1980,7,9,37,147,1440,2161
China,1981,7,10,42,150,1468,2178
China,1982,7,9,44,158,1590,2339
China,1983,8,11,48,162,1652,2407
China,1984,8,11,52,177,1663,2440
China,1985,9,12,55,198,1653,2437
China,1986,10,14,61,204,1636,2433
China,1987,11,17,63,217,1607,2448
China,1988,11,17,66,235,1572,2427
China,1989,11,18,66,243,1564,2417
China,1990,12,18,68,256,1607,2515
China,1991,12,20,69,273,1518,2444
China,1992,13,22,76,294,1529,2468
China,1993,13,27,85,314,1553,2550
China,1994,14,30,92,346,1556,2614
China,1995,15,35,99,369,1571,2701
China,1996,16,38,108,381,1578,2704
China,1997,16,41,113,395,1564,2734
China,1998,16,43,117,419,1566,2776
China,1999,17,49,128,431,1550,2770
China,2000,18,50,152,453,1530,2814
China,2001,21,53,158,452,1512,2821
China,2002,25,55,169,461,1497,2836
China,2003,30,58,172,479,1471,2838
China,2004,38,64,175,483,1461,2861
China,2005,42,66,180,497,1446,2883
China,2006,48,70,186,511,1439,2886
China,2007,51,72,201,522,1421,2921
China,2008,51,75,213,545,1430,2977
China,2009,54,81,215,563,1412,2995
China,2010,56,85,221,576,1422,3044
China,2011,57,93,223,576,1440,3080
China,2012,59,101,228,598,1420,3098
China,2013,59,104,231,608,1416,3108
Egypt,1961,38,72,72,60,1420,2076
Egypt,1962,37,78,76,59,1435,2153
Egypt,1963,38,81,85,58,1452,2166
Egypt,1964,35,75,82,59,1481,2201
Egypt,1965,36,71,85,58,1488,2229
Egypt,1966,35,67,89,63,1508,2285
Egypt,1967,34,65,80,57,1526,2228
Egypt,1968,48,61,84,60,1512,2268
Egypt,1969,46,65,85,59,1500,2268
Egypt,1970,44,64,83,58,1497,2272
Egypt,1971,44,68,86,59,1496,2262
Egypt,1972,42,73,80,59,1483,2304
Egypt,1973,41,67,85,57,1534,2347
Egypt,1974,42,74,88,58,1552,2392
Egypt,1975,44,74,89,60,1557,2430
Egypt,1976,45,76,93,64,1596,2514
Egypt,1977,50,70,91,63,1615,2558
Egypt,1978,49,75,87,65,1694,2653
Egypt,1979,48,77,93,64,1750,2776
Egypt,1980,48,74,95,71,1807,2857
Egypt,1981,49,75,93,81,1909,3002
Egypt,1982,48,84,91,84,1932,3064
Egypt,1983,48,87,93,95,1953,3052
Egypt,1984,51,84,93,98,1950,3057
Egypt,1985,50,83,97,99,1954,3069
Egypt,1986,46,89,106,100,1941,3061
Egypt,1987,47,95,111,103,2014,3136
Egypt,1988,49,95,97,101,2016,3128
Egypt,1989,48,101,87,96,2021,3106
Egypt,1990,47,108,91,94,2105,3181
Egypt,1991,47,106,88,94,2100,3171
Egypt,1992,48,121,89,94,2105,3175
Egypt,1993,50,119,90,94,2137,3197
Egypt,1994,54,125,82,104,2203,3259
Egypt,1995,56,134,87,107,2212,3315
Egypt,1996,61,143,103,106,2210,3332
Egypt,1997,65,141,102,113,2231,3361
Egypt,1998,68,145,103,121,2202,3339
Egypt,1999,71,153,116,121,2181,3356
Egypt,2000,71,159,123,127,2150,3368
Egypt,2001,76,165,110,120,2174,3409
Egypt,2002,78,167,110,125,2197,3434
Egypt,2003,96,165,117,127,2153,3379
Egypt,2004,72,170,119,129,2111,3309
Egypt,2005,80,172,123,134,2129,3367
Egypt,2006,88,184,130,147,2149,3389
Egypt,2007,104,182,139,158,2150,3445
Egypt,2008,105,182,149,153,2188,3490
Egypt,2009,85,171,153,151,2198,3441
Egypt,2010,101,170,138,171,2170,3507
Egypt,2011,104,166,133,163,2215,3549
Egypt,2012,108,178,134,178,2223,3561
Egypt,2013,94,170,122,180,2214,3522
Guatemala,1961,64,50,17,72,1194,1815
Guatemala,1962,58,51,17,69,1205,1847
Guatemala,1963,75,52,17,72,1216,1892
Guatemala,1964,85,52,18,69,1250,1953
Guatemala,1965,67,52,19,68,1233,1960
Guatemala,1966,66,53,19,62,1243,1966
Guatemala,1967,71,51,19,64,1242,1974
Guatemala,1968,72,51,19,66,1240,1986
Guatemala,1969,82,50,19,62,1287,2017
Guatemala,1970,88,49,18,62,1284,2029
Guatemala,1971,86,48,20,62,1252,2000
Guatemala,1972,84,48,21,63,1250,2008
Guatemala,1973,81,48,22,58,1268,2062
Guatemala,1974,81,47,21,56,1257,2042
Guatemala,1975,78,47,20,60,1297,2123
Guatemala,1976,67,43,19,63,1250,2071
Guatemala,1977,71,44,19,59,1258,2109
Guatemala,1978,81,44,18,60,1260,2126
Guatemala,1979,77,40,17,57,1277,2133
Guatemala,1980,71,35,15,64,1270,2161
Guatemala,1981,70,47,22,55,1458,2390
Guatemala,1982,68,51,22,61,1369,2262
Guatemala,1983,74,50,22,60,1287,2118
Guatemala,1984,65,49,22,61,1149,2015
Guatemala,1985,59,54,21,65,1285,2197
Guatemala,1986,60,53,25,70,1415,2350
Guatemala,1987,63,48,24,75,1413,2333
Guatemala,1988,66,48,27,78,1448,2349
Guatemala,1989,65,55,36,78,1274,2219
Guatemala,1990,60,54,36,81,1346,2355
Guatemala,1991,62,51,34,72,1348,2320
Guatemala,1992,63,43,33,81,1309,2281
Guatemala,1993,62,60,26,86,1377,2335
Guatemala,1994,70,63,27,94,1381,2361
Guatemala,1995,69,69,30,100,1301,2276
Guatemala,1996,72,70,27,102,1300,2244
Guatemala,1997,79,71,30,107,1187,2131
Guatemala,1998,73,73,32,111,1182,2155
Guatemala,1999,69,69,30,109,1142,2141
Guatemala,2000,70,67,31,107,1127,2160
Guatemala,2001,78,56,33,125,1159,2218
Guatemala,2002,83,66,35,151,1191,2359
Guatemala,2003,87,58,44,149,1127,2345
Guatemala,2004,82,59,34,149,1123,2324
Guatemala,2005,85,64,38,153,1113,2383
Guatemala,2006,84,75,47,146,1129,2415
Guatemala,2007,79,72,47,154,1106,2447
Guatemala,2008,75,73,50,152,1123,2378
Guatemala,2009,80,80,44,153,1126,2459
Guatemala,2010,83,77,46,152,1126,2431
Guatemala,2011,80,77,46,154,1134,2485
Guatemala,2012,77,72,39,150,1160,2416
Guatemala,2013,76,68,41,151,1163,2419
Hungary,1961,181,82,58,359,1304,2870
Hungary,1962,176,83,60,372,1290,3052
Hungary,1963,168,81,66,366,1291,3076
Hungary,1964,170,80,58,377,1292,3052
Hungary,1965,160,69,57,388,1332,3092
Hungary,1966,161,82,61,376,1349,3284
Hungary,1967,182,87,62,393,1285,3126
Hungary,1968,172,89,63,432,1267,3159
Hungary,1969,202,90,68,409,1247,3233
Hungary,1970,198,92,65,443,1225,3250
Hungary,1971,182,89,67,475,1225,3269
Hungary,1972,185,88,66,481,1209,3204
Hungary,1973,173,91,66,484,1188,3258
Hungary,1974,178,91,69,509,1183,3375
Hungary,1975,194,88,68,529,1167,3380
Hungary,1976,208,86,66,517,1144,3290
Hungary,1977,190,90,71,530,1134,3279
Hungary,1978,201,95,69,550,1130,3317
Hungary,1979,224,90,68,538,1115,3270
Hungary,1980,225,92,65,552,1101,3377
Hungary,1981,234,89,61,564,1080,3394
Hungary,1982,233,93,59,570,1076,3411
Hungary,1983,239,90,59,590,1063,3422
Hungary,1984,242,89,60,586,1064,3393
Hungary,1985,246,86,65,585,1058,3422
Hungary,1986,252,88,64,591,1048,3440
Hungary,1987,280,89,69,599,1067,3600
Hungary,1988,266,90,73,595,1046,3531
Hungary,1989,274,90,71,611,945,3496
Hungary,1990,234,91,72,577,909,3380
Hungary,1991,248,90,70,531,882,3205
Hungary,1992,246,96,67,528,812,3282
Hungary,1993,219,99,64,491,750,3105
Hungary,1994,207,94,67,456,722,3026
Hungary,1995,199,76,72,428,660,2949
Hungary,1996,201,88,70,417,591,2928
Hungary,1997,221,80,81,408,696,3008
Hungary,1998,226,89,78,408,616,3008
Hungary,1999,227,96,71,426,663,2999
Hungary,2000,223,94,88,459,824,3172
Hungary,2001,215,80,88,438,777,3094
Hungary,2002,214,82,87,485,710,3075
Hungary,2003,216,90,90,445,798,3061
Hungary,2004,225,106,103,454,798,3192
Hungary,2005,227,95,84,434,923,3270
Hungary,2006,231,111,103,436,892,3278
Hungary,2007,238,96,96,438,806,3164
Hungary,2008,234,78,90,423,806,3149
Hungary,2009,222,106,78,417,869,3140
Hungary,2010,226,85,53,391,866,3062
Hungary,2011,223,67,70,408,818,3064
Hungary,2012,225,89,64,393,812,3009
Hungary,2013,217,69,62,362,846,3037
Iceland,1961,657,60,8,651,638,3256
Iceland,1962,677,64,9,628,740,3323
Iceland,1963,653,62,8,619,595,3104
Iceland,1964,652,72,10,648,685,3142
Iceland,1965,637,70,10,599,690,3156
Iceland,1966,627,71,10,621,611,3085
Iceland,1967,637,68,11,523,590,2979
Iceland,1968,614,70,10,479,653,2921
Iceland,1969,599,62,10,517,646,2892
Iceland,1970,604,67,11,596,639,3016
Iceland,1971,602,63,12,564,630,2951
Iceland,1972,597,70,12,607,650,3068
Iceland,1973,613,70,13,544,628,2945
Iceland,1974,608,67,15,531,650,2948
Iceland,1975,635,65,14,679,561,2975
Iceland,1976,618,75,15,597,649,3038
Iceland,1977,586,71,14,605,597,3047
Iceland,1978,563,72,18,675,594,3108
Iceland,1979,550,69,18,757,588,3203
Iceland,1980,568,69,20,735,581,3167
Iceland,1981,557,70,23,828,597,3300
Iceland,1982,537,71,21,769,589,3191
Iceland,1983,583,68,21,735,594,3187
Iceland,1984,567,68,23,679,630,3204
Iceland,1985,555,64,24,714,604,3163
Iceland,1986,523,70,29,778,652,3294
Iceland,1987,533,77,29,636,702,3208
Iceland,1988,448,92,25,607,693,3113
Iceland,1989,438,93,26,605,718,3148
Iceland,1990,461,83,26,571,666,3057
Iceland,1991,444,93,29,578,736,3117
Iceland,1992,440,95,30,577,726,3106
Iceland,1993,431,96,30,628,729,3086
Iceland,1994,462,95,33,647,686,3124
Iceland,1995,456,93,35,590,730,3111
Iceland,1996,465,91,37,545,678,3032
Iceland,1997,468,92,37,599,670,3108
Iceland,1998,438,91,41,639,652,3117
Iceland,1999,455,90,41,704,652,3160
Iceland,2000,444,94,41,697,649,3152
Iceland,2001,472,101,43,677,668,3148
Iceland,2002,549,106,42,711,608,3214
Iceland,2003,560,103,45,727,614,3236
Iceland,2004,553,111,48,715,616,3290
Iceland,2005,533,117,51,723,650,3323
Iceland,2006,557,133,56,742,655,3401
Iceland,2007,557,145,60,777,683,3458
Iceland,2008,555,138,58,766,699,3428
Iceland,2009,572,130,54,727,669,3394
Iceland,2010,562,126,53,698,667,3341
Iceland,2011,555,131,53,731,657,3348
Iceland,2012,574,142,56,720,693,3396
Iceland,2013,541,141,55,742,698,3380
Malaysia,1961,78,90,14,141,1387,2418
Malaysia,1962,74,93,16,149,1469,2435
Malaysia,1963,80,88,15,148,1499,2453
Malaysia,1964,79,88,14,147,1426,2426
Malaysia,1965,77,90,14,150,1411,2421
Malaysia,1966,66,76,15,160,1378,2417
Malaysia,1967,59,76,13,164,1379,2430
Malaysia,1968,67,74,19,167,1375,2483
Malaysia,1969,63,82,18,172,1464,2554
Malaysia,1970,77,89,19,169,1436,2586
Malaysia,1971,69,90,17,171,1460,2527
Malaysia,1972,66,89,20,173,1451,2553
Malaysia,1973,76,82,16,182,1502,2604
Malaysia,1974,76,85,15,201,1482,2638
Malaysia,1975,79,81,16,228,1417,2596
Malaysia,1976,81,80,17,240,1427,2617
Malaysia,1977,88,81,16,247,1354,2640
Malaysia,1978,101,82,15,252,1362,2672
Malaysia,1979,104,87,17,254,1388,2732
Malaysia,1980,106,83,18,258,1340,2763
Malaysia,1981,105,79,17,264,1338,2746
Malaysia,1982,92,78,19,271,1316,2739
Malaysia,1983,106,81,20,279,1255,2766
Malaysia,1984,102,79,20,294,1226,2776
Malaysia,1985,97,78,21,295,1092,2670
Malaysia,1986,93,76,21,292,1089,2655
Malaysia,1987,99,77,21,311,1092,2608
Malaysia,1988,105,84,24,294,1076,2627
Malaysia,1989,95,82,23,321,1060,2631
Malaysia,1990,95,76,22,349,1080,2648
Malaysia,1991,102,73,25,369,1125,2649
Malaysia,1992,111,77,27,390,1196,2767
Malaysia,1993,112,76,30,401,1192,2797
Malaysia,1994,119,77,29,417,1197,2836
Malaysia,1995,124,76,33,429,1204,2916
Malaysia,1996,115,76,46,423,1202,2924
Malaysia,1997,113,75,29,426,1265,2908
Malaysia,1998,89,70,32,407,1291,2888
Malaysia,1999,98,71,35,377,1294,2910
Malaysia,2000,103,72,34,373,1280,2841
Malaysia,2001,116,72,36,377,1227,2819
Malaysia,2002,110,70,40,380,1219,2774
Malaysia,2003,107,71,32,387,1254,2794
Malaysia,2004,102,71,32,391,1297,2828
Malaysia,2005,101,67,42,394,1325,2792
Malaysia,2006,94,60,46,404,1292,2809
Malaysia,2007,78,55,45,403,1298,2838
Malaysia,2008,66,54,42,386,1288,2787
Malaysia,2009,82,53,48,402,1276,2839
Malaysia,2010,84,57,54,425,1261,2876
Malaysia,2011,76,57,55,418,1277,2889
Malaysia,2012,70,59,52,423,1267,2901
Malaysia,2013,56,57,56,442,1279,2916
Mali,1961,106,19,17,76,1188,1644
Mali,1962,108,19,17,81,1203,1700
Mali,1963,117,18,17,84,1197,1766
Mali,1964,122,18,17,86,1190,1717
Mali,1965,129,20,18,91,1077,1698
Mali,1966,130,20,18,96,1125,1704
Mali,1967,131,19,17,98,1180,1745
Mali,1968,131,19,18,104,1273,1862
Mali,1969,136,21,19,107,1151,1737
Mali,1970,134,21,20,106,1321,1966
Mali,1971,133,22,20,101,1097,1709
Mali,1972,112,21,18,87,1131,1675
Mali,1973,98,22,18,77,1117,1652
Mali,1974,103,22,19,81,1218,1786
Mali,1975,112,22,19,90,1214,1864
Mali,1976,114,22,20,95,1196,1836
Mali,1977,116,23,21,99,1150,1755
Mali,1978,122,24,22,104,1092,1662
Mali,1979,121,23,23,102,1203,1762
Mali,1980,128,23,24,102,1083,1678
Mali,1981,130,23,26,102,1041,1603
Mali,1982,130,23,28,100,1235,1795
Mali,1983,112,22,29,96,1262,1735
Mali,1984,102,24,28,94,1333,1837
Mali,1985,95,22,29,90,1553,2097
Mali,1986,101,24,29,97,1614,2213
Mali,1987,99,26,30,95,1656,2203
Mali,1988,103,23,31,99,1702,2365
Mali,1989,105,23,32,105,1693,2365
Mali,1990,119,25,34,109,1670,2400
Mali,1991,111,24,40,103,1584,2372
Mali,1992,111,26,33,89,1627,2355
Mali,1993,109,25,31,88,1656,2346
Mali,1994,102,28,29,89,1544,2331
Mali,1995,103,28,34,101,1649,2340
Mali,1996,105,33,34,94,1644,2373
Mali,1997,106,33,34,98,1606,2360
Mali,1998,112,35,34,101,1612,2427
Mali,1999,113,34,29,102,1624,2451
Mali,2000,107,31,32,96,1656,2451
Mali,2001,108,36,30,99,1661,2502
Mali,2002,114,31,34,106,1632,2498
Mali,2003,138,36,31,112,1640,2521
Mali,2004,158,40,29,105,1660,2540
Mali,2005,174,34,32,112,1682,2583
Mali,2006,193,40,24,109,1717,2654
Mali,2007,217,40,34,111,1750,2722
Mali,2008,221,36,22,118,1791,2777
Mali,2009,232,35,38,120,1841,2831
Mali,2010,228,40,32,121,1873,2813
Mali,2011,231,35,33,124,1866,2832
Mali,2012,205,40,34,103,1870,2860
Mali,2013,211,37,32,123,1862,2890
Myanmar,1961,21,46,14,62,1045,1449
Myanmar,1962,20,47,18,61,1067,1506
Myanmar,1963,25,43,20,62,1057,1533
Myanmar,1964,21,41,18,62,1057,1576
Myanmar,1965,25,42,17,63,1101,1546
Myanmar,1966,20,42,17,64,1000,1449
Myanmar,1967,18,42,19,67,1024,1454
Myanmar,1968,17,41,19,65,1030,1459
Myanmar,1969,14,33,20,69,1012,1440
Myanmar,1970,13,33,22,72,1022,1455
Myanmar,1971,13,33,21,71,1034,1479
Myanmar,1972,10,33,22,69,998,1439
Myanmar,1973,14,32,23,69,1046,1460
Myanmar,1974,15,33,21,64,1062,1499
Myanmar,1975,14,32,21,67,1075,1479
Myanmar,1976,14,33,21,70,1082,1491
Myanmar,1977,15,33,22,69,1089,1516
Myanmar,1978,15,31,23,71,1103,1553
Myanmar,1979,16,30,23,73,1105,1573
Myanmar,1980,16,30,25,73,1143,1551
Myanmar,1981,18,29,27,77,1143,1618
Myanmar,1982,19,29,27,74,1148,1674
Myanmar,1983,20,29,27,75,1165,1682
Myanmar,1984,24,29,30,76,1153,1708
Myanmar,1985,24,28,30,77,1072,1665
Myanmar,1986,23,29,33,79,1022,1636
Myanmar,1987,23,29,34,77,1045,1631
Myanmar,1988,25,29,33,78,1016,1576
Myanmar,1989,18,29,31,69,998,1471
Myanmar,1990,19,29,27,56,1151,1696
Myanmar,1991,21,29,30,56,1164,1692
Myanmar,1992,21,29,33,58,1170,1693
Myanmar,1993,21,30,34,59,1179,1737
Myanmar,1994,22,32,32,67,1193,1715
Myanmar,1995,22,33,33,69,1238,1770
Myanmar,1996,24,32,35,68,1230,1788
Myanmar,1997,23,35,36,75,1242,1840
Myanmar,1998,22,38,38,76,1237,1837
Myanmar,1999,23,39,44,78,1250,1836
Myanmar,2000,23,39,44,92,1278,1910
Myanmar,2001,22,41,47,99,1286,1957
Myanmar,2002,23,43,50,116,1297,2002
Myanmar,2003,29,43,55,133,1305,2057
Myanmar,2004,32,47,57,162,1262,2093
Myanmar,2005,34,48,55,185,1267,2137
Myanmar,2006,35,53,61,214,1283,2207
Myanmar,2007,39,54,61,236,1252,2282
Myanmar,2008,40,53,64,264,1272,2372
Myanmar,2009,45,52,64,297,1213,2405
Myanmar,2010,48,53,67,327,1253,2500
Myanmar,2011,50,60,69,348,1254,2531
Myanmar,2012,48,59,66,346,1318,2565
Myanmar,2013,50,61,67,345,1335,2571
Rwanda,1961,13,542,17,17,306,1790
Rwanda,1962,12,719,17,18,380,1949
Rwanda,1963,13,493,17,18,413,1877
Rwanda,1964,13,585,17,18,405,1901
Rwanda,1965,12,613,17,17,392,1929
Rwanda,1966,13,599,17,18,392,2073
Rwanda,1967,14,752,17,19,406,2275
Rwanda,1968,13,755,17,17,378,2180
Rwanda,1969,14,742,16,17,352,2263
Rwanda,1970,16,725,16,17,396,2289
Rwanda,1971,14,716,16,16,385,2256
Rwanda,1972,13,697,16,17,371,2177
Rwanda,1973,15,712,17,18,368,2180
Rwanda,1974,13,646,16,20,336,2136
Rwanda,1975,12,659,17,23,365,2298
Rwanda,1976,15,670,17,21,371,2341
Rwanda,1977,20,676,17,23,391,2359
Rwanda,1978,25,667,17,23,372,2335
Rwanda,1979,21,675,17,23,383,2369
Rwanda,1980,28,666,16,25,386,2357
Rwanda,1981,27,684,16,25,392,2366
Rwanda,1982,28,720,15,26,400,2365
Rwanda,1983,26,694,15,25,398,2343
Rwanda,1984,33,621,13,22,384,2235
Rwanda,1985,36,659,11,24,382,2309
Rwanda,1986,37,591,9,22,368,2162
Rwanda,1987,31,568,9,21,326,2078
Rwanda,1988,26,569,9,21,312,1934
Rwanda,1989,25,696,9,21,301,1964
Rwanda,1990,24,596,10,22,311,1819
Rwanda,1991,30,551,10,23,322,1951
Rwanda,1992,28,551,12,24,342,1891
Rwanda,1993,33,524,15,24,349,1938
Rwanda,1994,29,483,15,24,374,1862
Rwanda,1995,32,598,20,21,353,1814
Rwanda,1996,31,600,18,22,306,1771
Rwanda,1997,29,583,11,22,285,1723
Rwanda,1998,29,619,12,24,251,1739
Rwanda,1999,28,621,12,25,219,1739
Rwanda,2000,25,447,16,23,257,1857
Rwanda,2001,27,350,16,24,285,1912
Rwanda,2002,24,510,15,25,287,2094
Rwanda,2003,24,455,18,27,290,2004
Rwanda,2004,27,464,19,29,295,1969
Rwanda,2005,27,481,19,28,338,2037
Rwanda,2006,30,484,21,31,344,2044
Rwanda,2007,33,480,20,33,338,2053
Rwanda,2008,29,456,19,36,372,2101
Rwanda,2009,29,515,32,36,384,2196
Rwanda,2010,34,475,32,40,399,2198
Rwanda,2011,33,510,29,43,409,2213
Rwanda,2012,32,523,30,44,388,2270
Rwanda,2013,12,520,31,43,388,2228
Saudi Arabia,1961,51,177,27,64,1208,1717
Saudi Arabia,1962,53,179,27,63,1228,1752
Saudi Arabia,1963,56,173,27,62,1246,1791
Saudi Arabia,1964,58,175,28,60,1242,1818
Saudi Arabia,1965,60,172,32,61,1244,1857
Saudi Arabia,1966,63,175,39,61,1239,1855
Saudi Arabia,1967,65,172,30,63,1236,1881
Saudi Arabia,1968,70,179,29,66,1209,1880
Saudi Arabia,1969,70,187,29,67,1187,1868
Saudi Arabia,1970,66,196,42,68,1183,1887
Saudi Arabia,1971,72,182,94,72,1102,1895
Saudi Arabia,1972,70,157,50,75,988,1761
Saudi Arabia,1973,77,223,40,81,954,1678
Saudi Arabia,1974,78,250,63,96,884,1678
Saudi Arabia,1975,78,232,60,106,966,1792
Saudi Arabia,1976,95,187,49,130,1066,1908
Saudi Arabia,1977,121,266,63,156,1117,2115
Saudi Arabia,1978,138,281,58,169,1163,2323
Saudi Arabia,1979,161,280,69,196,1290,2633
Saudi Arabia,1980,166,235,68,225,1370,2874
Saudi Arabia,1981,148,237,58,227,1331,2899
Saudi Arabia,1982,154,237,84,242,1266,2904
Saudi Arabia,1983,158,243,81,269,1302,2925
Saudi Arabia,1984,176,243,96,242,1182,2716
Saudi Arabia,1985,150,208,83,237,1335,2696
Saudi Arabia,1986,155,188,71,240,1193,2594
Saudi Arabia,1987,157,195,88,230,1145,2565
Saudi Arabia,1988,159,220,89,220,1330,2800
Saudi Arabia,1989,148,209,88,207,1318,2749
Saudi Arabia,1990,154,205,111,218,1340,2867
Saudi Arabia,1991,157,199,86,230,1394,2865
Saudi Arabia,1992,102,200,88,206,1398,2780
Saudi Arabia,1993,90,203,89,190,1385,2742
Saudi Arabia,1994,94,205,86,189,1403,2703
Saudi Arabia,1995,128,204,96,222,1472,2849
Saudi Arabia,1996,151,202,93,217,1518,2913
Saudi Arabia,1997,135,209,93,220,1545,2976
Saudi Arabia,1998,130,214,91,234,1516,3011
Saudi Arabia,1999,180,219,67,244,1553,3072
Saudi Arabia,2000,159,217,63,251,1530,3111
Saudi Arabia,2001,155,225,67,241,1500,3080
Saudi Arabia,2002,149,223,71,226,1504,3021
Saudi Arabia,2003,149,227,68,232,1447,3003
Saudi Arabia,2004,147,224,70,225,1457,2959
Saudi Arabia,2005,148,230,68,247,1429,2991
Saudi Arabia,2006,135,224,70,235,1461,3045
Saudi Arabia,2007,123,218,66,242,1504,3046
Saudi Arabia,2008,129,202,61,233,1502,3014
Saudi Arabia,2009,132,198,61,243,1495,3007
Saudi Arabia,2010,142,201,68,275,1472,3124
Saudi Arabia,2011,169,210,67,274,1417,3103
Saudi Arabia,2012,172,214,71,278,1438,3269
Saudi Arabia,2013,140,214,76,303,1426,3255
Sierra Leone,1961,15,43,42,45,788,1816
Sierra Leone,1962,16,44,41,51,823,1851
Sierra Leone,1963,18,44,40,50,936,1969
Sierra Leone,1964,19,45,40,55,931,1989
Sierra Leone,1965,20,46,39,57,1077,2158
Sierra Leone,1966,21,43,38,61,1176,2253
Sierra Leone,1967,21,43,37,57,1203,2302
Sierra Leone,1968,20,43,37,50,1212,2266
Sierra Leone,1969,23,43,36,56,1169,2276
Sierra Leone,1970,25,43,35,56,1161,2299
Sierra Leone,1971,23,42,35,56,1181,2263
Sierra Leone,1972,20,42,34,66,1190,2231
Sierra Leone,1973,20,42,33,81,1209,2188
Sierra Leone,1974,17,42,32,76,1218,2147
Sierra Leone,1975,17,42,30,73,1208,2158
Sierra Leone,1976,18,42,29,63,1170,2115
Sierra Leone,1977,16,42,29,62,1211,2141
Sierra Leone,1978,17,42,30,63,1207,2127
Sierra Leone,1979,18,42,28,68,1196,2109
Sierra Leone,1980,24,44,29,69,1138,2130
Sierra Leone,1981,23,45,29,73,1129,2113
Sierra Leone,1982,19,46,31,62,1118,2104
Sierra Leone,1983,15,46,31,62,1069,1985
Sierra Leone,1984,16,46,28,54,1058,1958
Sierra Leone,1985,12,46,30,53,1068,1973
Sierra Leone,1986,12,45,28,51,1067,1993
Sierra Leone,1987,15,45,28,47,1076,2001
Sierra Leone,1988,12,46,28,48,1064,1955
Sierra Leone,1989,12,47,27,47,1086,1966
Sierra Leone,1990,12,42,26,47,1083,1950
Sierra Leone,1991,12,42,27,52,1099,1991
Sierra Leone,1992,10,43,28,54,1111,2018
Sierra Leone,1993,13,43,26,49,1107,2038
Sierra Leone,1994,13,43,28,48,1167,2116
Sierra Leone,1995,11,42,27,50,1170,2136
Sierra Leone,1996,8,44,35,50,1165,2177
Sierra Leone,1997,7,45,35,52,1170,2203
Sierra Leone,1998,7,44,26,50,1173,2153
Sierra Leone,1999,5,44,27,48,1143,2069
Sierra Leone,2000,5,44,25,51,1109,1990
Sierra Leone,2001,4,45,29,43,1085,1995
Sierra Leone,2002,7,45,28,50,1072,2045
Sierra Leone,2003,8,45,29,54,1045,2032
Sierra Leone,2004,9,45,30,68,990,2024
Sierra Leone,2005,8,46,29,72,1011,2082
Sierra Leone,2006,10,45,28,73,1031,2155
Sierra Leone,2007,10,45,29,73,1109,2194
Sierra Leone,2008,9,45,30,99,1108,2197
Sierra Leone,2009,9,46,30,98,1122,2251
Sierra Leone,2010,10,45,36,100,1136,2275
Sierra Leone,2011,11,46,34,103,1148,2335
Sierra Leone,2012,13,47,35,107,1156,2374
Sierra Leone,2013,12,46,36,106,1155,2404
United States of America,1961,383,80,64,422,627,2880
United States of America,1962,371,80,66,427,612,2858
United States of America,1963,373,76,62,436,609,2860
United States of America,1964,379,79,59,445,615,2926
United States of America,1965,383,79,62,434,616,2922
United States of America,1966,386,84,62,448,612,2954
United States of America,1967,370,82,66,463,616,2978
United States of America,1968,370,80,72,471,606,3001
United States of America,1969,371,93,65,452,607,3033
United States of America,1970,371,89,58,456,587,3029
United States of America,1971,374,92,60,467,591,3052
United States of America,1972,377,83,60,466,582,3062
United States of America,1973,374,97,60,438,594,3040
United States of America,1974,362,95,63,454,590,3031
United States of America,1975,354,101,63,431,617,3033
United States of America,1976,363,98,61,462,637,3163
United States of America,1977,362,100,64,462,624,3135
United States of America,1978,363,100,65,461,615,3155
United States of America,1979,364,107,67,469,646,3214
United States of America,1980,358,114,62,476,644,3178
United States of America,1981,359,105,61,476,650,3218
United States of America,1982,362,103,68,462,654,3191
United States of America,1983,372,109,63,475,640,3230
United States of America,1984,379,114,67,478,650,3275
United States of America,1985,391,112,68,483,682,3380
United States of America,1986,396,118,66,482,701,3352
United States of America,1987,404,130,69,485,742,3450
United States of America,1988,391,120,64,490,758,3458
United States of America,1989,380,129,72,492,767,3433
United States of America,1990,382,119,70,487,805,3493
United States of America,1991,384,111,69,493,812,3522
United States of America,1992,384,120,69,506,825,3559
United States of America,1993,385,124,69,505,847,3605
United States of America,1994,395,127,79,513,855,3665
United States of America,1995,397,116,75,510,841,3580
United States of America,1996,379,119,77,507,865,3587
United States of America,1997,381,127,76,505,871,3648
United States of America,1998,377,122,74,521,850,3658
United States of America,1999,382,121,83,538,837,3673
United States of America,2000,388,130,82,528,849,3755
United States of America,2001,386,118,77,524,826,3707
United States of America,2002,390,117,80,540,808,3783
United States of America,2003,391,118,80,539,809,3777
United States of America,2004,380,119,83,550,804,3809
United States of America,2005,384,117,78,551,805,3828
United States of America,2006,378,117,79,551,816,3783
United States of America,2007,379,116,81,548,826,3757
United States of America,2008,378,119,74,537,813,3700
United States of America,2009,378,116,75,521,804,3645
United States of America,2010,372,109,72,523,807,3650
United States of America,2011,364,111,70,514,793,3649
United States of America,2012,372,115,71,511,798,3687
United States of America,2013,368,119,69,515,801,3682
Venezuela (Bolivarian Republic of),1961,161,256,12,132,707,2155
Venezuela (Bolivarian Republic of),1962,157,223,11,134,721,2109
Venezuela (Bolivarian Republic of),1963,159,236,11,132,734,2105
Venezuela (Bolivarian Republic of),1964,160,225,13,143,847,2302
Venezuela (Bolivarian Republic of),1965,144,230,13,142,818,2267
Venezuela (Bolivarian Republic of),1966,137,222,13,142,808,2216
Venezuela (Bolivarian Republic of),1967,129,216,12,143,815,2234
Venezuela (Bolivarian Republic of),1968,130,230,12,145,831,2267
Venezuela (Bolivarian Republic of),1969,141,233,11,154,865,2323
Venezuela (Bolivarian Republic of),1970,145,232,13,151,889,2341
Venezuela (Bolivarian Republic of),1971,149,229,12,153,872,2323
Venezuela (Bolivarian Republic of),1972,150,225,13,156,850,2269
Venezuela (Bolivarian Republic of),1973,158,205,13,174,834,2265
Venezuela (Bolivarian Republic of),1974,148,206,13,171,835,2281
Venezuela (Bolivarian Republic of),1975,173,189,13,177,893,2391
Venezuela (Bolivarian Republic of),1976,174,183,15,183,916,2462
Venezuela (Bolivarian Republic of),1977,232,194,16,189,916,2596
Venezuela (Bolivarian Republic of),1978,214,195,17,206,873,2598
Venezuela (Bolivarian Republic of),1979,209,184,19,201,875,2663
Venezuela (Bolivarian Republic of),1980,199,177,19,205,956,2712
Venezuela (Bolivarian Republic of),1981,220,180,16,214,928,2757
Venezuela (Bolivarian Republic of),1982,219,173,15,221,859,2575
Venezuela (Bolivarian Republic of),1983,186,164,14,206,920,2612
Venezuela (Bolivarian Republic of),1984,208,164,12,203,1000,2755
Venezuela (Bolivarian Republic of),1985,187,163,12,201,947,2634
Venezuela (Bolivarian Republic of),1986,156,158,12,194,804,2397
Venezuela (Bolivarian Republic of),1987,177,159,12,197,932,2571
Venezuela (Bolivarian Republic of),1988,207,166,12,208,981,2765
Venezuela (Bolivarian Republic of),1989,151,165,12,179,827,2299
Venezuela (Bolivarian Republic of),1990,119,166,13,166,862,2362
Venezuela (Bolivarian Republic of),1991,152,173,15,174,904,2423
Venezuela (Bolivarian Republic of),1992,144,171,16,187,924,2522
Venezuela (Bolivarian Republic of),1993,139,156,17,195,842,2401
Venezuela (Bolivarian Republic of),1994,123,162,21,185,901,2371
Venezuela (Bolivarian Republic of),1995,124,144,24,198,902,2434
Venezuela (Bolivarian Republic of),1996,116,146,25,203,894,2380
Venezuela (Bolivarian Republic of),1997,117,153,29,211,817,2283
Venezuela (Bolivarian Republic of),1998,126,143,36,214,843,2354
Venezuela (Bolivarian Republic of),1999,116,140,35,220,837,2341
Venezuela (Bolivarian Republic of),2000,114,164,31,228,869,2454
Venezuela (Bolivarian Republic of),2001,108,150,32,258,924,2509
Venezuela (Bolivarian Republic of),2002,101,112,36,251,788,2218
Venezuela (Bolivarian Republic of),2003,111,102,35,217,960,2415
Venezuela (Bolivarian Republic of),2004,118,91,36,240,915,2492
Venezuela (Bolivarian Republic of),2005,92,101,38,233,987,2490
Venezuela (Bolivarian Republic of),2006,109,93,34,247,956,2514
Venezuela (Bolivarian Republic of),2007,135,98,36,276,968,2607
Venezuela (Bolivarian Republic of),2008,171,97,37,320,1053,2808
Venezuela (Bolivarian Republic of),2009,166,94,39,310,1118,2858
Venezuela (Bolivarian Republic of),2010,187,91,41,292,1093,2805
Venezuela (Bolivarian Republic of),2011,188,100,44,304,1054,2803
Venezuela (Bolivarian Republic of),2012,187,100,30,275,988,2691
Venezuela (Bolivarian Republic of),2013,146,105,34,290,970,2631
